Name,Distance (ly),Luminosity (L/Lo),Radius (R/Ro),Temperature (K),Spectral Class
Beta Orionis 95,1103.16,267408.05361,17.3647,46767.0,O5V
Iota Centauri 76,1690.12,51489.86097,8.8746,37032.1,O8V
Alpha Virginis 26,2865.27,38052.99894,6.6781,30695.3,B0V
Epsilon Orionis 98,3224.09,7886.97576,4.3506,22932.9,B2V
Zeta Centauri 12,1522.31,1525.65258,3.0159,17587.1,B5V
Alpha Leonis 69,502.98,653.37722,1.8946,13172.7,B8V
Kappa Tauri 74,772.55,16.25996,2.1951,11432.7,A0V
Beta Lyrae 13,1523.11,17.97503,1.9005,8830.1,A2V
Zeta Lyrae 86,1070.99,14.36655,1.5592,8504.6,A5V
Gamma Virginis 94,982.42,5.3113,1.281,8155.2,A7V
Iota Lyrae 88,1299.97,4.30494,1.114,7528.7,F0V
Zeta Scorpii 35,268.68,2.89576,1.1351,7115.4,F2V
Delta Leonis 51,3539.22,1.78571,1.0214,6555.9,F5V
Iota Virginis 34,2989.12,1.31422,1.0125,6244.8,F8V
Gamma Virginis 64,367.46,0.91885,0.9377,6025.5,G0V
Eta Andromedae 9,1541.65,0.99897,0.9328,5750.3,G2V
Iota Orionis 88,2884.06,0.87043,0.893,5553.4,G5V
Zeta Centauri 38,1741.43,0.69074,0.8763,5475.2,G8V
Epsilon Virginis 98,718.06,0.62816,0.8371,5159.7,K0V
Iota Andromedae 26,614.92,0.4025,0.7339,5033.6,K2V
Iota Orionis 77,1299.46,0.12312,0.6915,4751.5,K5V
Epsilon Lyrae 8,966.67,0.11106,0.5095,4319.6,K8V
Beta Virginis 99,506.71,0.06639,0.542,3891.3,M0V
Iota Andromedae 55,3857.6,0.03787,0.4133,3757.0,M2V
Epsilon Scorpii 86,2600.98,0.00938,0.3018,3242.4,M3.5V
Delta Centauri 44,88.25,0.00377,0.2265,2802.9,M5V
Alpha Lyrae 9,3622.08,0.00087,0.0871,2495.2,M8V
Theta Lyrae 70,532.89,0.00019,0.0943,2189.1,M9V
Theta Scorpii 25,381.11,594237.06214,13.543,44111.0,O5V
Alpha Centauri 8,1612.99,66965.13027,11.4467,35491.9,O8V
Delta Virginis 58,564.34,17339.52143,6.8505,33246.9,B0V
Beta Leonis 71,395.42,7565.01426,4.8515,22088.5,B2V
Beta Lyrae 22,1628.15,1807.12436,3.797,21414.7,B5V
Gamma Scorpii 1,3941.3,259.12183,2.7409,13820.0,B8V
Eta Virginis 85,2874.82,23.93171,1.867,11921.8,A0V
Kappa Virginis 8,2992.96,9.25764,1.7505,9102.3,A2V
Iota Cygni 8,3843.28,5.80111,1.3743,8497.5,A5V
Delta Scorpii 16,3766.63,5.84838,1.3737,7623.8,A7V
Beta Scorpii 85,2336.44,3.56835,1.3337,7281.7,F0V
Zeta Lyrae 34,1585.68,2.60603,1.095,6994.9,F2V
Beta Orionis 59,2486.23,1.7378,1.015,6715.1,F5V
Iota Aquilae 17,3733.32,1.54043,1.0391,6247.8,F8V
Gamma Leonis 70,2815.4,1.14467,0.9991,6030.8,G0V
Alpha Virginis 39,3727.31,0.8759,0.9615,5752.9,G2V
Beta Virginis 20,1092.45,0.85121,0.9074,5540.7,G5V
Epsilon Virginis 63,1007.63,0.78163,0.8041,5426.9,G8V
Epsilon Orionis 1,1337.03,0.4327,0.848,5132.3,K0V
Theta Virginis 91,1713.15,0.25193,0.6875,5064.9,K2V
Gamma Virginis 5,3339.07,0.2132,0.5978,4451.0,K5V
Epsilon Tauri 6,3596.12,0.07891,0.5299,4130.8,K8V
Iota Scorpii 80,2998.96,0.07703,0.4355,3890.6,M0V
Gamma Scorpii 4,720.89,0.03773,0.4174,3673.5,M2V
Delta Aquilae 21,3150.39,0.00608,0.3372,3500.5,M3.5V
Delta Lyrae 59,1401.37,0.0051,0.2633,2889.2,M5V
Delta Scorpii 43,1117.44,0.00016,0.1573,2540.5,M8V
Iota Scorpii 87,3924.68,0.00014,0.1164,2046.1,M9V
Epsilon Cygni 75,3850.29,299099.77189,11.084,44345.6,O5V
Zeta Scorpii 78,3937.01,55782.2892,11.598,35140.5,O8V
Alpha Scorpii 1,2081.7,42260.43479,7.7474,33641.6,B0V
Delta Tauri 56,283.8,7649.66379,4.3255,23883.5,B2V
Beta Aquilae 65,1240.04,1639.30369,3.1036,17773.9,B5V
Gamma Lyrae 54,2661.13,327.48717,2.6978,12696.1,B8V
Kappa Aquilae 52,2193.65,10.03653,1.8582,10574.7,A0V
Kappa Andromedae 84,1291.84,17.71929,1.8054,9108.9,A2V
Gamma Centauri 37,2063.84,11.32941,1.4341,8609.2,A5V
Delta Aquilae 29,3227.06,3.73677,1.2139,8190.4,A7V
Kappa Centauri 59,1660.22,3.8893,1.1486,7478.5,F0V
Theta Scorpii 32,593.87,2.62515,1.1839,7158.1,F2V
Beta Scorpii 29,707.01,1.97478,1.0777,6520.1,F5V
Delta Centauri 59,537.0,1.33232,1.0078,6323.6,F8V
Zeta Leonis 79,3260.8,1.25681,0.9599,6081.4,G0V
Theta Cygni 96,3446.56,0.96252,0.9526,5868.0,G2V
Epsilon Virginis 63,2508.56,0.76865,0.8562,5557.1,G5V
Epsilon Tauri 41,3572.56,0.61612,0.8121,5376.6,G8V
Gamma Lyrae 9,1661.93,0.48272,0.7966,5112.5,K0V
Eta Scorpii 99,2338.06,0.3891,0.7657,5029.7,K2V
Eta Leonis 1,3771.21,0.16778,0.6268,4756.7,K5V
Eta Virginis 96,2939.65,0.13199,0.6077,4246.5,K8V
Epsilon Scorpii 63,120.18,0.05345,0.5019,3951.1,M0V
Gamma Leonis 17,3922.97,0.02602,0.436,3727.6,M2V
Alpha Centauri 83,1716.85,0.01367,0.2682,3291.1,M3.5V
Zeta Lyrae 59,1310.21,0.00481,0.1993,3100.8,M5V
Eta Aquilae 11,1883.45,0.00077,0.0852,2780.8,M8V
Delta Centauri 84,165.06,8e-05,0.0748,2335.7,M9V
Kappa Cygni 31,508.55,602094.13346,15.6397,42179.6,O5V
Epsilon Tauri 22,2425.23,98186.73721,10.8734,38666.8,O8V
Gamma Aquilae 14,2316.51,47155.48674,7.3032,33448.2,B0V
Eta Scorpii 92,796.69,7144.68503,5.5764,23457.1,B2V
Epsilon Andromedae 16,3185.76,2001.64488,2.5616,19196.5,B5V
Zeta Centauri 65,2591.65,107.59129,2.3041,13960.8,B8V
Eta Tauri 82,3566.76,51.37654,1.7377,9940.3,A0V
Iota Aquilae 79,3233.6,19.8398,1.6901,9048.5,A2V
Kappa Aquilae 42,3407.48,13.30731,1.3347,8640.8,A5V
Delta Leonis 73,2442.96,4.89495,1.2086,8110.6,A7V
Gamma Leonis 28,1422.01,2.77506,1.1699,7438.5,F0V
Epsilon Virginis 2,2068.54,2.02927,1.0862,7021.9,F2V
Iota Lyrae 89,1906.57,1.82711,1.0672,6506.9,F5V
Epsilon Lyrae 52,2768.44,1.2531,1.0123,6289.3,F8V
Iota Tauri 55,3986.54,1.12016,0.9546,5990.7,G0V
Epsilon Aquilae 30,486.32,0.89815,0.9084,5807.2,G2V
Gamma Lyrae 28,2955.52,0.76912,0.8972,5652.0,G5V
Kappa Aquilae 13,3331.22,0.65925,0.8289,5360.5,G8V
Iota Cygni 36,186.07,0.41363,0.7792,5288.8,K0V
Theta Centauri 2,2298.05,0.34388,0.724,4855.3,K2V
Alpha Aquilae 62,460.07,0.13045,0.639,4630.8,K5V
Alpha Cygni 20,3245.36,0.14542,0.5102,4174.5,K8V
Iota Scorpii 78,2386.2,0.06474,0.5164,3945.1,M0V
Theta Aquilae 76,3960.17,0.01916,0.3932,3732.9,M2V
Beta Lyrae 81,847.41,0.0116,0.2657,3260.8,M3.5V
Beta Cygni 1,1636.55,0.00445,0.2111,2813.1,M5V
Epsilon Aquilae 90,3439.02,0.00016,0.1033,2505.8,M8V
Kappa Lyrae 55,462.82,0.00011,0.0689,2106.3,M9V
Gamma Centauri 8,667.19,330708.85946,17.4896,45692.1,O5V
Epsilon Leonis 16,1877.02,65204.55953,9.61,35633.5,O8V
Iota Leonis 57,325.63,11594.43137,6.7281,29933.9,B0V
Epsilon Orionis 12,918.94,7720.08857,5.6513,25522.7,B2V
Alpha Aquilae 74,164.96,2439.41831,3.2058,19909.1,B5V
Epsilon Cygni 75,1745.91,588.54697,2.9629,13880.0,B8V
Eta Tauri 42,2681.92,87.19598,1.8968,11234.2,A0V
Epsilon Scorpii 98,2202.28,18.00617,1.5887,8958.6,A2V
Eta Virginis 1,2632.08,10.42594,1.4653,8293.8,A5V
Zeta Andromedae 97,1996.08,5.2102,1.2155,7760.2,A7V
Gamma Aquilae 57,3523.89,3.45414,1.1072,7452.0,F0V
Delta Cygni 40,2205.24,2.4627,1.064,7197.7,F2V
Beta Leonis 16,2592.32,1.49238,1.1399,6616.7,F5V
Epsilon Scorpii 62,3921.06,1.22187,1.0096,6253.4,F8V
Kappa Virginis 96,3517.81,1.24561,0.9493,6058.0,G0V
Eta Tauri 65,1071.77,0.85064,0.9508,5867.5,G2V
Kappa Leonis 20,1788.51,0.82109,0.8766,5652.6,G5V
Eta Leonis 42,3478.95,0.79615,0.8191,5376.6,G8V
Eta Orionis 41,2979.89,0.57631,0.8311,5177.2,K0V
Gamma Leonis 5,508.65,0.44307,0.7132,4830.1,K2V
Theta Centauri 68,3642.14,0.12246,0.5973,4748.4,K5V
Gamma Centauri 61,3127.02,0.08385,0.5748,4219.2,K8V
Beta Tauri 87,3437.96,0.0552,0.4475,4029.7,M0V
Theta Virginis 5,2471.44,0.01704,0.4027,3636.2,M2V
Delta Centauri 56,3913.44,0.0126,0.3204,3235.2,M3.5V
Gamma Aquilae 4,187.97,0.00498,0.1881,2949.9,M5V
Gamma Lyrae 68,1650.68,0.00071,0.098,2470.0,M8V
Kappa Scorpii 80,2733.87,0.00014,0.095,2092.9,M9V
Epsilon Leonis 33,2668.76,774181.39878,14.6525,42876.3,O5V
Iota Cygni 10,1769.26,67278.28122,10.3503,37833.6,O8V
Eta Aquilae 59,3381.87,17968.67996,6.5388,30899.2,B0V
Delta Scorpii 74,1438.53,5071.10673,5.2482,22131.6,B2V
Eta Aquilae 2,2265.54,2277.33883,3.617,16294.3,B5V
Kappa Leonis 37,3103.91,238.07103,2.7623,12876.0,B8V
Delta Andromedae 33,2712.41,74.88355,2.1933,11595.8,A0V
Beta Orionis 40,3155.33,8.73402,1.6189,8805.1,A2V
Epsilon Tauri 96,1664.47,7.00795,1.6146,8638.2,A5V
Zeta Virginis 65,3654.31,7.15236,1.2771,8094.8,A7V
Theta Aquilae 96,3482.13,4.4127,1.2171,7230.1,F0V
Delta Scorpii 72,1465.76,2.74882,1.0521,7061.0,F2V
Theta Tauri 87,2997.1,1.5573,1.0572,6755.4,F5V
Zeta Centauri 87,938.51,1.11251,1.0396,6324.6,F8V
Kappa Lyrae 83,256.8,1.22954,0.9937,5960.4,G0V
Eta Centauri 18,185.4,0.8593,0.9697,5723.2,G2V
Delta Virginis 18,1557.15,0.79275,0.926,5639.3,G5V
Iota Scorpii 76,2970.16,0.6309,0.8332,5319.8,G8V
Theta Andromedae 53,3756.47,0.46994,0.819,5143.5,K0V
Theta Lyrae 47,401.2,0.38714,0.7344,5093.4,K2V
Zeta Orionis 51,1106.57,0.27491,0.6939,4729.7,K5V
Beta Lyrae 83,2559.49,0.1474,0.5061,4200.1,K8V
Gamma Andromedae 27,278.35,0.07061,0.4311,3904.0,M0V
Delta Tauri 19,3155.46,0.02788,0.3416,3845.2,M2V
Gamma Virginis 33,3194.9,0.0061,0.3366,3246.1,M3.5V
Zeta Lyrae 76,1297.93,0.00187,0.1568,3096.7,M5V
Iota Centauri 96,258.17,0.0005,0.1162,2637.5,M8V
Theta Virginis 29,3781.89,9e-05,0.107,2346.8,M9V
Iota Aquilae 59,2574.86,123362.97963,19.9859,48473.0,O5V
Eta Centauri 63,2850.81,72178.11647,11.5971,35932.7,O8V
Gamma Centauri 17,1103.11,35323.06897,7.1934,29951.1,B0V
Kappa Virginis 38,1817.16,7237.98754,3.7479,26210.7,B2V
Iota Lyrae 56,1808.52,1225.53522,3.0084,18721.0,B5V
Eta Centauri 41,1709.46,499.06472,2.2492,12610.6,B8V
Theta Centauri 12,3327.79,18.39071,1.6869,11347.0,A0V
Gamma Virginis 8,2347.6,20.3549,1.5978,8797.8,A2V
Zeta Scorpii 93,209.77,7.87629,1.425,8251.8,A5V
Iota Lyrae 20,2628.39,4.12122,1.2325,8107.2,A7V
Zeta Centauri 98,1117.3,2.67848,1.2073,7424.4,F0V
Kappa Andromedae 87,2572.3,1.8315,1.1894,7148.8,F2V
Epsilon Orionis 24,1096.13,1.85745,1.1382,6640.4,F5V
Gamma Cygni 73,2630.82,1.13479,1.0267,6488.7,F8V
Beta Virginis 28,1507.4,1.08146,0.941,5962.3,G0V
Zeta Andromedae 77,343.67,0.86315,0.911,5823.6,G2V
Beta Aquilae 57,2649.17,0.82142,0.8854,5554.6,G5V
Iota Centauri 45,1722.05,0.65665,0.8543,5397.3,G8V
Epsilon Orionis 29,1583.59,0.54983,0.7508,5160.3,K0V
Delta Cygni 98,1025.2,0.31562,0.6808,5024.1,K2V
Gamma Cygni 49,2132.29,0.15682,0.647,4667.2,K5V
Zeta Centauri 51,3447.64,0.06381,0.5022,4376.3,K8V
Zeta Andromedae 55,2295.39,0.06838,0.4627,3878.8,M0V
Alpha Tauri 22,3206.12,0.02854,0.4248,3825.9,M2V
Beta Scorpii 14,976.44,0.01089,0.3024,3338.5,M3.5V
Epsilon Tauri 29,1335.08,0.00184,0.2164,2845.6,M5V
Iota Lyrae 45,1407.12,0.00096,0.1445,2459.1,M8V
Beta Cygni 33,792.46,0.00015,0.1056,2262.2,M9V
Gamma Leonis 60,3018.81,669907.86221,14.4891,49241.5,O5V
Kappa Andromedae 42,3457.56,81360.87034,8.6038,34409.7,O8V
Theta Aquilae 36,2367.4,24077.6889,5.2968,30770.5,B0V
Alpha Orionis 48,3327.49,3537.11701,5.6606,27131.8,B2V
Kappa Andromedae 65,1540.52,2034.75764,3.9313,20433.5,B5V
Alpha Leonis 74,2608.81,292.91606,2.3708,12603.4,B8V
Alpha Leonis 14,3244.66,85.36395,2.4841,9710.8,A0V
Gamma Orionis 32,2831.71,29.80169,1.7144,9187.8,A2V
Zeta Tauri 37,1552.24,12.74465,1.5716,8226.2,A5V
Zeta Centauri 43,381.83,6.3919,1.2852,8034.2,A7V
Kappa Cygni 43,329.87,3.99084,1.3292,7324.1,F0V
Eta Cygni 77,2836.56,1.90166,1.1338,7093.0,F2V
Zeta Cygni 86,2812.57,1.96827,1.1496,6865.0,F5V
Beta Scorpii 66,1449.99,1.2813,0.9762,6185.7,F8V
Theta Lyrae 29,3999.91,0.96198,0.9507,6057.6,G0V
Iota Virginis 95,3535.22,0.85944,0.9236,5853.3,G2V
Gamma Andromedae 49,620.56,0.74521,0.9054,5624.9,G5V
Gamma Leonis 6,1645.91,0.73527,0.819,5388.8,G8V
Epsilon Leonis 30,2138.0,0.47737,0.8309,5193.8,K0V
Delta Tauri 87,3788.74,0.44689,0.7262,4884.5,K2V
Eta Virginis 68,1677.08,0.14593,0.604,4641.9,K5V
Epsilon Orionis 83,1924.54,0.09341,0.6121,4313.4,K8V
Iota Centauri 37,339.35,0.04641,0.4674,3978.3,M0V
Eta Centauri 29,3267.58,0.03654,0.4396,3674.5,M2V
Eta Virginis 48,946.32,0.01495,0.2875,3209.9,M3.5V
Beta Tauri 19,554.02,0.00243,0.2579,3078.4,M5V
Gamma Leonis 58,2463.01,0.00092,0.0819,2486.3,M8V
Gamma Virginis 94,2437.16,0.00013,0.1066,2095.1,M9V
Beta Orionis 31,1681.74,695424.33148,14.5711,41108.6,O5V
Theta Andromedae 69,69.87,75768.78651,8.9678,34861.5,O8V
Eta Orionis 79,1413.98,32826.54864,5.7493,32009.3,B0V
Iota Tauri 9,3813.81,6808.57372,5.466,25045.7,B2V
Alpha Scorpii 61,178.15,1589.82704,3.06,20483.9,B5V
Zeta Centauri 45,967.69,494.26264,1.9244,14327.6,B8V
Zeta Cygni 6,1411.92,40.46925,2.1785,11576.0,A0V
Theta Leonis 81,732.55,10.96676,1.8296,9454.9,A2V
Alpha Aquilae 26,179.24,6.9947,1.3168,8666.7,A5V
Iota Scorpii 70,1895.81,3.1831,1.3941,7771.7,A7V
Alpha Tauri 35,501.58,3.10406,1.3224,7497.3,F0V
Eta Tauri 24,1986.93,2.39703,1.1886,7055.8,F2V
Beta Scorpii 11,1724.82,1.99706,1.0271,6617.5,F5V
Beta Centauri 42,2645.1,1.25325,1.0142,6270.4,F8V
Theta Tauri 58,173.44,1.24801,0.9547,6099.6,G0V
Epsilon Orionis 10,2686.12,0.95155,0.9359,5850.0,G2V
Gamma Orionis 19,3395.31,0.86952,0.8851,5525.2,G5V
Delta Tauri 47,1534.01,0.71345,0.8484,5435.8,G8V
Zeta Tauri 57,3053.33,0.54348,0.8029,5179.6,K0V
Epsilon Lyrae 15,107.74,0.28721,0.7318,5074.1,K2V
Beta Aquilae 34,2817.39,0.15433,0.6534,4677.6,K5V
Theta Lyrae 16,546.54,0.06666,0.5207,4314.0,K8V
Beta Tauri 86,1392.44,0.0426,0.4813,4072.8,M0V
Gamma Cygni 47,2037.09,0.01364,0.3301,3591.7,M2V
Theta Orionis 47,2217.96,0.00869,0.3304,3393.1,M3.5V
Kappa Centauri 9,1240.06,0.006,0.2435,3010.3,M5V
Eta Andromedae 10,504.98,0.00039,0.0874,2586.3,M8V
Iota Tauri 17,3512.35,0.00017,0.0984,2072.8,M9V
Gamma Scorpii 65,3643.22,141559.63751,11.2416,41530.2,O5V
Gamma Cygni 42,3739.23,61273.51424,11.7899,37113.4,O8V
Epsilon Centauri 33,788.58,48254.06508,6.0978,31750.1,B0V
Kappa Virginis 12,2012.38,4180.45131,5.854,22925.2,B2V
Kappa Andromedae 44,3370.78,1996.32148,3.7379,16170.2,B5V
Alpha Andromedae 34,2605.99,560.1754,2.2999,14556.0,B8V
Theta Virginis 38,2569.13,37.18847,1.8204,11518.4,A0V
Eta Aquilae 59,295.79,9.31809,1.6638,9087.4,A2V
Delta Tauri 78,578.27,13.61485,1.4277,8694.0,A5V
Zeta Scorpii 17,3043.67,5.5749,1.2319,7745.0,A7V
Beta Aquilae 58,994.83,2.29043,1.1726,7353.7,F0V
Kappa Scorpii 32,3850.9,2.88277,1.172,7180.1,F2V
Zeta Lyrae 98,640.9,1.99758,1.07,6851.6,F5V
Theta Orionis 12,3781.16,1.35272,1.047,6186.1,F8V
Zeta Orionis 7,1128.44,1.13901,0.989,6034.5,G0V
Epsilon Virginis 2,3389.33,0.95773,0.9618,5845.5,G2V
Eta Tauri 6,1604.84,0.84257,0.8656,5610.6,G5V
Beta Scorpii 65,1803.73,0.70997,0.866,5424.6,G8V
Kappa Centauri 17,3900.44,0.49848,0.8295,5167.8,K0V
Zeta Cygni 26,2411.52,0.33028,0.684,4811.7,K2V
Zeta Leonis 67,1830.23,0.217,0.6419,4531.2,K5V
Kappa Tauri 21,1574.37,0.11549,0.6011,4278.1,K8V
Iota Virginis 69,1961.53,0.06252,0.4712,3854.2,M0V
Zeta Centauri 54,2336.56,0.0339,0.4088,3756.4,M2V
Alpha Andromedae 61,1065.21,0.01156,0.3472,3402.5,M3.5V
Delta Orionis 75,1923.98,0.00362,0.2438,3109.8,M5V
Eta Cygni 88,971.97,0.00062,0.1501,2476.3,M8V
Theta Tauri 54,609.29,0.00016,0.0846,2310.0,M9V
Theta Orionis 91,555.95,255506.27873,13.2505,46622.3,O5V
Iota Scorpii 41,3826.92,72983.1766,10.1325,37277.6,O8V
Epsilon Andromedae 62,772.45,19860.76542,7.2323,29349.2,B0V
Epsilon Aquilae 91,832.44,7934.91782,4.2926,24092.8,B2V
Epsilon Aquilae 16,2295.7,1949.33902,3.8436,18367.2,B5V
Zeta Cygni 38,172.29,673.18823,1.8948,15696.0,B8V
Epsilon Leonis 28,811.62,58.47201,2.4397,11240.4,A0V
Gamma Centauri 79,2964.65,13.26421,1.4305,9424.1,A2V
Delta Lyrae 7,404.57,8.30294,1.489,8540.6,A5V
Gamma Orionis 71,3911.74,3.78971,1.3959,8128.4,A7V
Theta Leonis 84,801.19,4.89174,1.1803,7458.4,F0V
Beta Andromedae 30,2142.56,2.66774,1.1905,7174.0,F2V
Gamma Scorpii 23,3735.97,1.4218,1.1254,6815.2,F5V
Gamma Aquilae 5,41.23,1.38398,0.9697,6493.2,F8V
Epsilon Leonis 83,2175.12,1.09756,0.9957,6070.2,G0V
Theta Aquilae 25,3236.06,0.93267,0.9512,5829.7,G2V
Gamma Orionis 95,1351.23,0.77376,0.904,5538.6,G5V
Kappa Scorpii 55,2063.16,0.61735,0.8535,5337.0,G8V
Gamma Leonis 42,3743.57,0.40171,0.7884,5189.3,K0V
Epsilon Tauri 39,2331.6,0.36458,0.7062,4907.9,K2V
Delta Orionis 86,476.6,0.16909,0.6286,4601.0,K5V
Epsilon Centauri 82,3664.87,0.08655,0.5738,4165.7,K8V
Gamma Leonis 20,1822.2,0.07955,0.456,4025.5,M0V
Theta Virginis 86,3303.15,0.03286,0.4021,3728.7,M2V
Beta Virginis 58,2114.67,0.00862,0.3417,3239.3,M3.5V
Iota Virginis 26,2292.6,0.00175,0.1927,3008.1,M5V
Beta Lyrae 92,2334.34,0.00018,0.131,2723.5,M8V
Theta Cygni 66,1664.15,0.00015,0.0935,2269.1,M9V
Epsilon Orionis 51,1020.96,102261.60369,12.179,40730.3,O5V
Eta Tauri 90,258.97,99706.18302,11.7383,34414.1,O8V
Theta Orionis 37,1637.95,40758.8825,8.0633,33870.0,B0V
Eta Tauri 49,1796.46,9419.80554,4.4437,22481.5,B2V
Iota Cygni 84,3441.73,972.85628,3.9893,18358.4,B5V
Gamma Lyrae 1,3025.74,687.09441,2.3556,14876.4,B8V
Eta Virginis 49,3294.18,32.27608,1.9115,10189.1,A0V
Beta Orionis 85,1679.4,24.85318,1.9303,8712.5,A2V
Delta Centauri 13,2377.48,9.46441,1.5688,8636.1,A5V
Delta Orionis 52,1758.21,5.6988,1.4263,8065.6,A7V
Gamma Virginis 38,939.86,4.74919,1.244,7431.0,F0V
Zeta Lyrae 39,3505.55,2.98283,1.1282,7024.1,F2V
Epsilon Orionis 72,3794.3,1.92783,1.1367,6750.4,F5V
Eta Virginis 64,191.54,1.27221,1.0179,6252.5,F8V
Iota Tauri 90,1667.75,0.95969,0.9564,6050.9,G0V
Theta Lyrae 29,1205.88,1.02689,0.9564,5882.9,G2V
Iota Scorpii 54,2231.01,0.73352,0.8694,5540.7,G5V
Beta Leonis 48,373.67,0.74492,0.8152,5353.7,G8V
Kappa Andromedae 6,3495.01,0.44704,0.8262,5244.9,K0V
Iota Lyrae 62,838.88,0.43141,0.7103,5072.7,K2V
Delta Lyrae 95,472.97,0.27993,0.6375,4497.0,K5V
Kappa Lyrae 51,3660.86,0.10969,0.5931,4214.2,K8V
Iota Tauri 40,1049.35,0.06051,0.4746,3874.7,M0V
Theta Tauri 27,1485.46,0.02242,0.3844,3616.4,M2V
Gamma Orionis 34,2215.12,0.01084,0.322,3303.3,M3.5V
Delta Tauri 30,1521.96,0.00517,0.2149,3061.8,M5V
Zeta Aquilae 98,3287.12,0.00097,0.1442,2596.2,M8V
Gamma Tauri 22,563.45,0.00015,0.071,2355.7,M9V
Alpha Virginis 5,3356.95,155747.80858,18.18,40485.1,O5V
Alpha Scorpii 18,3370.84,61571.6696,10.8287,34054.8,O8V
Iota Leonis 48,245.75,35509.14367,8.7356,33476.5,B0V
Theta Orionis 1,2130.81,5879.36956,3.5418,26333.2,B2V
Iota Aquilae 3,2010.95,2305.07588,3.1459,21638.3,B5V
Gamma Centauri 13,2099.54,244.5813,2.5437,13009.7,B8V
Zeta Aquilae 51,319.95,96.3368,2.0131,10108.0,A0V
Delta Aquilae 88,3312.97,9.77357,1.995,9219.9,A2V
Alpha Centauri 52,1519.66,10.52701,1.3224,8204.7,A5V
Gamma Centauri 64,3381.97,6.22454,1.2994,8186.4,A7V
Beta Virginis 6,922.3,4.70382,1.2731,7426.7,F0V
Epsilon Orionis 10,2739.04,2.13645,1.1315,7097.4,F2V
Gamma Tauri 3,3846.04,1.75222,1.1128,6785.1,F5V
Eta Centauri 39,653.32,1.22024,1.0351,6255.7,F8V
Iota Tauri 50,3023.46,0.95598,0.9992,6044.8,G0V
Iota Tauri 7,394.53,0.90804,0.9053,5821.0,G2V
Kappa Andromedae 51,3875.81,0.78159,0.9007,5656.7,G5V
Theta Leonis 30,1425.95,0.78823,0.8345,5435.9,G8V
Eta Centauri 99,2476.07,0.59951,0.8213,5116.4,K0V
Gamma Scorpii 92,3136.47,0.28086,0.719,4908.2,K2V
Beta Orionis 40,1781.28,0.24182,0.5923,4434.9,K5V
Eta Leonis 72,2220.83,0.09672,0.5032,4206.2,K8V
Beta Andromedae 77,3138.66,0.07455,0.4019,3953.5,M0V
Beta Virginis 32,2289.64,0.01509,0.3571,3591.7,M2V
Epsilon Aquilae 64,587.33,0.00667,0.2776,3304.9,M3.5V
Beta Tauri 33,3777.12,0.0046,0.2145,3046.7,M5V
Theta Centauri 18,1221.55,0.00095,0.1132,2648.1,M8V
Zeta Leonis 43,1724.86,0.00018,0.0991,2237.8,M9V
Epsilon Tauri 78,3789.34,250638.61653,13.1418,49645.7,O5V
Zeta Aquilae 95,2781.11,74550.36564,10.3035,35454.5,O8V
Eta Aquilae 51,1462.73,47282.6861,5.7992,33983.6,B0V
Gamma Virginis 4,3812.22,6231.35556,5.2709,24630.7,B2V
Epsilon Centauri 53,2693.28,1020.11198,2.9542,17516.1,B5V
Gamma Scorpii 49,299.75,694.42037,2.3751,13603.2,B8V
Iota Scorpii 70,151.11,97.15852,2.2315,11530.7,A0V
Kappa Centauri 14,3076.79,22.46724,1.613,9217.6,A2V
Alpha Andromedae 83,2711.24,8.99618,1.6011,8682.9,A5V
Eta Centauri 2,398.21,4.11001,1.4241,7934.8,A7V
Kappa Lyrae 58,1499.11,3.38919,1.2699,7476.2,F0V
Gamma Tauri 4,1933.26,2.15452,1.1881,6925.8,F2V
Gamma Tauri 40,1375.03,1.87056,1.0782,6639.3,F5V
Beta Leonis 93,2788.33,1.25945,0.987,6424.1,F8V
Beta Orionis 44,2593.36,1.17086,0.9415,6096.8,G0V
Delta Virginis 23,2209.52,0.93275,0.9298,5792.4,G2V
Eta Cygni 24,2563.43,0.80803,0.8523,5622.8,G5V
Delta Leonis 76,1720.61,0.60089,0.8172,5355.7,G8V
Beta Andromedae 14,3198.85,0.53422,0.7866,5139.4,K0V
Beta Aquilae 86,3451.12,0.35554,0.7439,4979.1,K2V
Kappa Scorpii 76,460.65,0.17632,0.6349,4469.0,K5V
Epsilon Andromedae 76,342.85,0.07206,0.5141,4191.6,K8V
Gamma Tauri 89,569.04,0.05554,0.4895,3993.7,M0V
Eta Cygni 63,2543.54,0.0308,0.3968,3850.0,M2V
Iota Cygni 63,1158.33,0.00687,0.3342,3416.8,M3.5V
Zeta Orionis 63,549.77,0.00508,0.2753,3002.2,M5V
Theta Scorpii 88,1969.04,0.00074,0.1244,2466.9,M8V
Kappa Orionis 98,885.39,8e-05,0.0735,2115.5,M9V
Theta Andromedae 96,3091.15,471485.00727,15.1081,45727.1,O5V
Epsilon Virginis 47,2170.1,87839.31212,11.04,36648.2,O8V
Delta Scorpii 14,2945.06,36146.8681,5.9901,33248.9,B0V
Alpha Leonis 34,1397.04,8717.1001,4.5977,27963.7,B2V
Delta Lyrae 95,2353.43,1506.45093,3.5661,19796.6,B5V
Gamma Andromedae 18,3140.3,588.11792,2.7665,14280.3,B8V
Iota Aquilae 77,2157.01,39.12883,2.2336,10223.3,A0V
Epsilon Virginis 87,3261.5,10.98296,1.8501,9029.3,A2V
Alpha Aquilae 84,511.22,13.66079,1.3999,8555.7,A5V
Delta Scorpii 63,572.29,6.16201,1.3883,7825.1,A7V
Beta Centauri 52,2064.49,2.83468,1.3341,7347.6,F0V
Theta Tauri 75,14.08,2.72896,1.1599,7119.3,F2V
Theta Tauri 9,3183.57,1.63863,1.1452,6829.9,F5V
Theta Aquilae 42,3314.1,1.26888,1.012,6326.5,F8V
Theta Tauri 88,3050.01,0.91838,0.9738,6067.3,G0V
Alpha Centauri 21,1767.49,0.85017,0.9671,5740.5,G2V
Gamma Aquilae 21,3498.22,0.91915,0.8575,5572.1,G5V
Beta Tauri 86,3615.61,0.63311,0.8317,5361.1,G8V
Delta Scorpii 84,368.61,0.4238,0.7713,5115.6,K0V
Kappa Lyrae 67,2721.27,0.25186,0.7496,5045.1,K2V
Eta Cygni 62,287.22,0.18129,0.6677,4441.0,K5V
Zeta Tauri 39,552.14,0.12961,0.5904,4139.9,K8V
Gamma Centauri 68,2255.0,0.06441,0.4246,3937.8,M0V
Delta Cygni 53,2465.92,0.02327,0.3326,3819.0,M2V
Gamma Centauri 76,2921.17,0.00852,0.2929,3476.9,M3.5V
Delta Aquilae 83,340.84,0.00377,0.228,3043.0,M5V
Alpha Aquilae 27,2073.02,0.00056,0.1548,2518.2,M8V
Alpha Lyrae 64,1546.12,0.00011,0.0983,2028.4,M9V
Alpha Tauri 41,531.58,745610.50295,15.6838,43654.1,O5V
Gamma Leonis 99,295.86,79368.17485,8.0552,35294.5,O8V
Alpha Scorpii 65,1148.95,38505.16304,8.0684,30541.5,B0V
Eta Centauri 82,2148.21,7312.32939,4.1937,23859.4,B2V
Iota Lyrae 20,2147.51,1598.68246,3.4514,21007.2,B5V
Beta Aquilae 90,1752.31,672.05679,2.0864,12977.9,B8V
Eta Centauri 59,2450.82,14.95258,2.1995,11145.1,A0V
Gamma Centauri 2,2832.83,23.43299,1.4983,9462.4,A2V
Iota Virginis 93,1040.1,8.71869,1.5999,8636.7,A5V
Beta Orionis 43,3229.24,4.3599,1.2192,8027.4,A7V
Kappa Centauri 64,1823.08,3.08037,1.2249,7426.8,F0V
Zeta Cygni 33,3094.27,2.87312,1.1511,6934.6,F2V
Iota Orionis 6,3435.35,1.40737,1.0069,6645.6,F5V
Gamma Cygni 5,2213.34,1.55697,1.0267,6267.7,F8V
Zeta Lyrae 54,3663.77,1.02797,0.9878,6014.3,G0V
Beta Virginis 87,3608.18,0.89484,0.9563,5896.3,G2V
Eta Centauri 60,3464.69,0.89338,0.8749,5517.3,G5V
Theta Orionis 48,806.04,0.71276,0.8243,5424.5,G8V
Theta Tauri 76,3887.55,0.64945,0.8276,5246.5,K0V
Iota Lyrae 20,29.68,0.33201,0.7033,4903.9,K2V
Alpha Tauri 1,3036.73,0.1802,0.6686,4523.0,K5V
Delta Virginis 31,1681.7,0.14651,0.6167,4142.7,K8V
Epsilon Centauri 6,3685.43,0.07589,0.478,4025.2,M0V
Zeta Leonis 96,343.45,0.01287,0.32,3796.0,M2V
Beta Andromedae 73,253.07,0.01162,0.2631,3302.1,M3.5V
Zeta Scorpii 90,3328.31,0.00263,0.2089,2893.4,M5V
Delta Cygni 99,2340.58,0.00024,0.0964,2586.4,M8V
Eta Centauri 69,1435.84,0.00017,0.0871,2185.3,M9V
Beta Centauri 21,3231.2,328161.23716,17.047,46033.0,O5V
Delta Tauri 19,368.67,62410.93947,9.423,37080.8,O8V
Epsilon Aquilae 23,128.4,26175.68906,6.8088,32488.5,B0V
Delta Centauri 60,411.4,8556.6682,3.8036,22370.0,B2V
Delta Cygni 26,3295.43,1556.15141,3.4454,19868.1,B5V
Kappa Andromedae 34,3670.06,144.99231,2.9966,12791.0,B8V
Theta Cygni 12,3620.71,84.64206,1.8984,9606.7,A0V
Theta Orionis 22,3696.85,17.52944,1.8347,9096.9,A2V
Eta Scorpii 23,1418.49,14.08304,1.41,8423.0,A5V
Gamma Orionis 79,2478.31,4.22892,1.2885,7847.2,A7V
Iota Leonis 8,354.72,3.14905,1.2048,7457.1,F0V
Iota Lyrae 81,3976.37,2.45239,1.0529,7014.7,F2V
Zeta Leonis 70,3126.66,1.60642,1.0848,6628.6,F5V
Epsilon Cygni 4,1278.37,1.20951,1.0406,6411.4,F8V
Alpha Leonis 68,1432.43,1.1336,0.9463,5931.9,G0V
Delta Lyrae 35,2136.72,1.04781,0.9516,5852.8,G2V
Delta Andromedae 50,1421.93,0.90981,0.9176,5535.2,G5V
Kappa Tauri 95,2791.78,0.7828,0.8023,5440.1,G8V
Kappa Andromedae 19,2254.27,0.44706,0.8488,5276.3,K0V
Theta Virginis 40,705.69,0.25759,0.6856,4980.5,K2V
Alpha Virginis 62,6.93,0.26686,0.6042,4452.2,K5V
Gamma Tauri 8,91.76,0.11279,0.6101,4332.3,K8V
Iota Tauri 10,1496.99,0.07768,0.4593,3875.3,M0V
Epsilon Tauri 18,3903.54,0.03197,0.3655,3741.8,M2V
Theta Tauri 23,2829.96,0.01062,0.339,3414.8,M3.5V
Zeta Lyrae 86,2357.53,0.00188,0.1899,3075.4,M5V
Gamma Cygni 94,11.38,0.00073,0.1373,2740.3,M8V
Kappa Orionis 24,2411.22,0.00019,0.1181,2088.4,M9V
Kappa Centauri 64,566.18,659007.49608,12.38,49823.8,O5V
Gamma Centauri 91,2681.48,86464.29736,9.343,34068.4,O8V
Delta Lyrae 89,275.09,20266.31766,5.4321,28007.7,B0V
Eta Leonis 94,1681.05,4164.3691,4.535,27290.6,B2V
Zeta Virginis 49,409.49,1802.82528,3.7961,19905.8,B5V
Delta Cygni 58,298.73,607.45749,2.1539,13274.9,B8V
Beta Centauri 44,683.91,43.79121,2.2588,10867.6,A0V
Beta Tauri 77,3941.17,27.65098,1.8227,9045.1,A2V
Gamma Andromedae 56,631.96,6.01258,1.3822,8295.0,A5V
Iota Virginis 34,2643.82,4.487,1.2288,7835.7,A7V
Iota Leonis 20,221.99,2.01145,1.1219,7529.6,F0V
Kappa Leonis 26,391.74,2.04834,1.1457,7193.1,F2V
Theta Centauri 40,3140.41,1.68257,1.1342,6606.0,F5V
Iota Scorpii 24,1486.72,1.29072,0.9768,6117.8,F8V
Theta Leonis 34,908.22,1.00742,0.9343,6050.4,G0V
Beta Centauri 86,1377.92,0.98536,0.9679,5817.9,G2V
Iota Orionis 50,3274.38,0.80466,0.8928,5673.4,G5V
Theta Andromedae 31,1907.25,0.61579,0.8722,5442.9,G8V
Iota Andromedae 67,3202.64,0.56938,0.812,5124.1,K0V
Theta Cygni 22,3888.78,0.41169,0.6926,4927.0,K2V
Eta Lyrae 81,595.09,0.21521,0.6184,4690.8,K5V
Beta Centauri 50,2227.32,0.10968,0.6028,4255.9,K8V
Alpha Andromedae 76,2092.25,0.05678,0.4622,3887.0,M0V
Kappa Andromedae 98,3859.47,0.01301,0.3158,3783.9,M2V
Epsilon Virginis 45,3512.09,0.00764,0.3155,3400.2,M3.5V
Theta Orionis 23,1104.7,0.00172,0.2291,3077.5,M5V
Alpha Scorpii 43,2763.35,0.00014,0.1275,2507.4,M8V
Zeta Orionis 44,3270.31,0.00012,0.0768,2196.6,M9V
Beta Lyrae 18,1204.86,657792.73124,17.7403,43208.7,O5V
Eta Andromedae 83,360.97,72085.8299,11.6537,36443.0,O8V
Theta Virginis 48,3284.82,30610.7881,5.6359,29866.7,B0V
Iota Scorpii 18,3122.99,6670.00352,4.9217,23042.4,B2V
Delta Orionis 32,136.35,816.28635,3.0406,17194.7,B5V
Zeta Leonis 65,1590.3,653.84414,2.6174,12967.8,B8V
Theta Andromedae 58,713.79,88.34327,2.1282,10374.4,A0V
Gamma Aquilae 96,3324.19,9.98862,1.4165,8739.7,A2V
Kappa Lyrae 29,2591.0,11.77695,1.4076,8404.8,A5V
Alpha Orionis 61,3646.43,6.23686,1.3803,7605.1,A7V
Epsilon Andromedae 40,2852.17,4.1281,1.1688,7558.2,F0V
Zeta Leonis 33,876.12,2.16257,1.1281,7087.1,F2V
Kappa Centauri 1,2048.11,1.79741,1.1265,6649.7,F5V
Kappa Andromedae 37,1196.85,1.15405,0.9657,6495.3,F8V
Zeta Aquilae 34,2625.92,1.28088,0.9756,5937.7,G0V
Iota Lyrae 8,3222.54,1.05059,0.942,5832.1,G2V
Gamma Orionis 84,1991.6,0.7739,0.9226,5580.9,G5V
Alpha Andromedae 91,3979.04,0.7632,0.8275,5442.7,G8V
Iota Leonis 86,1436.68,0.47505,0.767,5231.5,K0V
Iota Cygni 38,394.2,0.27559,0.7059,5042.5,K2V
Gamma Tauri 84,361.02,0.17685,0.6693,4522.8,K5V
Zeta Tauri 34,2344.02,0.10174,0.5141,4116.1,K8V
Kappa Andromedae 80,288.76,0.07558,0.4751,4066.9,M0V
Eta Virginis 39,1654.89,0.03613,0.3226,3847.7,M2V
Zeta Scorpii 73,3571.83,0.01487,0.2643,3501.8,M3.5V
Gamma Centauri 63,1333.32,0.00593,0.1907,2823.2,M5V
Theta Aquilae 27,3045.78,0.00025,0.1564,2595.8,M8V
Beta Cygni 79,1737.22,0.00013,0.0857,2191.0,M9V
Alpha Orionis 69,801.02,379826.05407,10.1408,43222.1,O5V
Iota Lyrae 3,2708.35,81334.34643,8.9953,38161.1,O8V
Zeta Aquilae 17,414.6,30133.45915,6.2245,28391.7,B0V
Alpha Aquilae 38,1825.99,6642.01889,4.8103,24602.0,B2V
Gamma Tauri 63,1439.69,1133.37988,3.9221,21509.2,B5V
Eta Orionis 30,900.54,690.92771,2.0534,12087.7,B8V
Iota Cygni 16,1469.03,68.54863,1.6336,11691.4,A0V
Epsilon Virginis 80,198.34,29.88297,1.7972,9222.9,A2V
Alpha Orionis 89,466.87,9.44314,1.3494,8326.4,A5V
Gamma Lyrae 89,2744.28,3.04652,1.3263,7660.6,A7V
Iota Aquilae 80,2424.19,2.41149,1.3077,7242.0,F0V
Kappa Centauri 37,459.77,1.92752,1.0798,6959.9,F2V
Epsilon Virginis 26,1434.38,1.64585,1.0241,6719.3,F5V
Delta Leonis 43,941.24,1.10637,0.968,6144.2,F8V
Kappa Leonis 20,3798.0,1.21181,0.9353,6044.7,G0V
Epsilon Lyrae 59,3954.71,0.92401,0.9325,5720.0,G2V
Gamma Orionis 38,1443.55,0.86919,0.8841,5523.2,G5V
Alpha Orionis 18,2654.83,0.6341,0.8286,5387.5,G8V
Kappa Aquilae 94,375.61,0.60374,0.7683,5180.2,K0V
Theta Aquilae 50,2760.91,0.34565,0.7222,5065.8,K2V
Gamma Centauri 17,2785.96,0.12938,0.6931,4463.8,K5V
Eta Andromedae 62,3209.89,0.12106,0.5218,4213.9,K8V
Zeta Andromedae 4,3450.88,0.0752,0.5091,4072.9,M0V
Theta Leonis 15,3550.85,0.02322,0.3095,3746.5,M2V
Alpha Virginis 99,2975.57,0.01224,0.2724,3534.5,M3.5V
Zeta Virginis 67,2754.28,0.00409,0.2063,3090.7,M5V
Theta Tauri 85,2706.54,0.00045,0.1639,2623.3,M8V
Kappa Orionis 2,2575.09,0.0001,0.1109,2340.7,M9V
Gamma Centauri 97,1968.73,280668.86252,19.7015,40503.5,O5V
Delta Virginis 83,1517.16,90855.16529,8.3153,36665.1,O8V
Kappa Leonis 12,3426.96,27882.7248,5.4748,30984.2,B0V
Alpha Centauri 52,1651.82,6899.91708,3.5004,22545.4,B2V
Kappa Andromedae 82,1221.31,1869.1768,2.8103,20028.8,B5V
Zeta Tauri 7,3267.13,606.59046,2.1984,15069.7,B8V
Kappa Leonis 92,2630.11,74.43222,1.7026,11398.3,A0V
Delta Orionis 44,1423.26,21.94055,1.8799,9138.2,A2V
Zeta Centauri 6,3587.94,9.92422,1.6287,8571.3,A5V
Eta Centauri 33,2445.04,3.93772,1.4791,7835.7,A7V
Theta Lyrae 92,1354.51,4.27145,1.1116,7453.3,F0V
Kappa Centauri 99,3567.47,2.34887,1.1384,7051.3,F2V
Theta Orionis 68,2945.96,1.73194,1.0649,6734.0,F5V
Iota Cygni 89,2315.99,1.46525,0.9716,6255.0,F8V
Kappa Andromedae 42,2018.52,1.05387,0.9986,6083.2,G0V
Delta Aquilae 51,3854.53,1.09262,0.9317,5726.7,G2V
Eta Andromedae 90,3546.22,0.82807,0.9174,5609.6,G5V
Zeta Virginis 81,872.66,0.64194,0.8572,5437.3,G8V
Gamma Cygni 65,2171.89,0.55922,0.821,5252.2,K0V
Iota Leonis 75,2284.36,0.38343,0.7217,5024.4,K2V
Iota Aquilae 55,3234.02,0.20364,0.583,4458.1,K5V
Alpha Lyrae 35,3001.79,0.07448,0.5344,4175.2,K8V
Alpha Aquilae 27,3015.41,0.04129,0.5221,3875.6,M0V
Iota Lyrae 96,2589.96,0.02167,0.3766,3789.1,M2V
Epsilon Orionis 49,1552.79,0.01457,0.3476,3309.4,M3.5V
Iota Orionis 2,2975.76,0.00202,0.263,3144.2,M5V
Theta Lyrae 82,2819.76,0.00068,0.1555,2618.6,M8V
Kappa Lyrae 93,3857.31,0.00012,0.0706,2273.1,M9V
Gamma Cygni 95,2057.43,382898.67029,14.2851,45566.0,O5V
Gamma Cygni 75,3384.7,50282.2568,9.8653,39625.0,O8V
Alpha Cygni 42,2389.21,40946.43799,7.5015,33058.8,B0V
Epsilon Leonis 74,2202.53,3510.16557,5.2692,25152.4,B2V
Gamma Virginis 9,3145.93,1066.55213,3.3146,18420.5,B5V
Zeta Lyrae 28,2654.75,298.63992,2.1523,15801.2,B8V
Kappa Virginis 61,3986.54,84.13196,2.483,9522.0,A0V
Zeta Leonis 31,3618.39,21.50142,1.7727,9467.1,A2V
Zeta Scorpii 15,1546.08,10.40237,1.4131,8655.7,A5V
Zeta Virginis 66,1784.56,3.21926,1.4695,7715.5,A7V
Iota Centauri 13,673.08,4.86883,1.2345,7202.9,F0V
Beta Lyrae 86,2519.61,2.05581,1.1528,7150.7,F2V
Delta Virginis 90,3515.06,1.84483,1.0653,6826.7,F5V
Beta Cygni 4,1839.17,1.26586,0.9679,6121.7,F8V
Epsilon Virginis 10,2301.63,0.99106,0.9481,5977.6,G0V
Eta Scorpii 41,71.69,1.01832,0.9374,5828.3,G2V
Kappa Centauri 97,2984.87,0.71138,0.9179,5571.5,G5V
Iota Centauri 38,3148.46,0.66027,0.8069,5453.1,G8V
Theta Scorpii 51,3289.24,0.4077,0.7656,5144.0,K0V
Eta Virginis 38,3840.7,0.27882,0.7477,5074.3,K2V
Zeta Orionis 71,3499.59,0.14262,0.585,4629.1,K5V
Eta Virginis 71,3788.14,0.08742,0.5898,4371.1,K8V
Zeta Lyrae 53,3622.91,0.07406,0.4214,3896.0,M0V
Kappa Aquilae 25,462.21,0.03013,0.3851,3566.3,M2V
Iota Leonis 83,2200.55,0.00791,0.2567,3234.4,M3.5V
Kappa Leonis 43,1431.25,0.00436,0.1805,2914.1,M5V
Beta Lyrae 41,1945.6,0.0004,0.1459,2677.4,M8V
Gamma Andromedae 73,1460.64,0.00012,0.0857,2001.9,M9V
Delta Lyrae 92,2960.36,427093.04957,18.4011,41343.1,O5V
Zeta Leonis 60,1783.76,88738.34808,9.9479,34653.0,O8V
Kappa Centauri 36,3435.45,15600.06675,7.1545,29579.4,B0V
Beta Centauri 3,3398.98,7421.38546,5.5316,25473.4,B2V
Kappa Lyrae 5,2208.26,1949.97945,3.9981,18832.6,B5V
Gamma Tauri 51,896.49,563.28691,2.6799,13164.0,B8V
Theta Virginis 66,366.04,42.7479,1.6095,10097.2,A0V
Kappa Cygni 97,2058.59,17.81685,1.5075,9459.0,A2V
Gamma Leonis 46,165.71,12.61472,1.3927,8332.2,A5V
Delta Orionis 86,830.43,7.53863,1.3084,7881.8,A7V
Theta Orionis 6,3922.44,2.97221,1.2759,7408.5,F0V
Epsilon Aquilae 75,2179.31,2.00862,1.1481,7009.6,F2V
Beta Virginis 33,1507.93,1.94435,1.0775,6641.2,F5V
Zeta Leonis 62,3549.16,1.1033,1.0394,6276.0,F8V
Delta Centauri 66,2575.41,0.98461,0.9431,5972.4,G0V
Beta Lyrae 54,3245.48,1.03006,0.9337,5795.8,G2V
Delta Andromedae 21,2590.52,0.80272,0.8695,5525.6,G5V
Kappa Cygni 18,2519.72,0.60784,0.8458,5311.2,G8V
Epsilon Cygni 67,3833.13,0.54984,0.8064,5103.7,K0V
Epsilon Centauri 28,1799.13,0.44856,0.7667,4851.2,K2V
Eta Andromedae 19,3179.33,0.25127,0.6018,4663.9,K5V
Epsilon Cygni 93,2743.69,0.14301,0.5716,4120.7,K8V
Eta Scorpii 17,438.02,0.04809,0.5289,3976.1,M0V
Eta Cygni 78,388.99,0.02428,0.3922,3561.7,M2V
Iota Virginis 97,473.77,0.00982,0.263,3411.2,M3.5V
Alpha Scorpii 67,1685.17,0.00537,0.2407,2971.6,M5V
Theta Scorpii 45,2357.92,0.00077,0.1562,2678.7,M8V
Beta Scorpii 18,1021.2,0.00017,0.1146,2033.5,M9V
Kappa Virginis 53,1034.34,104102.09061,17.4365,40071.1,O5V
Iota Centauri 67,32.95,82727.30604,10.7511,35895.4,O8V
Zeta Centauri 20,1706.7,33414.8074,6.0452,31216.6,B0V
Kappa Tauri 79,1105.28,7764.23994,5.3874,24479.4,B2V
Iota Leonis 23,1483.5,1976.29612,2.8807,17839.9,B5V
Zeta Scorpii 95,555.89,618.29832,1.9429,12919.1,B8V
Gamma Centauri 28,2035.44,80.7473,2.3208,11035.1,A0V
Alpha Cygni 50,3858.43,8.11639,1.4547,8816.3,A2V
Kappa Scorpii 12,260.25,7.2177,1.332,8218.9,A5V
Eta Scorpii 79,2626.14,4.43235,1.4891,7634.5,A7V
Gamma Leonis 57,47.0,4.5517,1.3327,7407.3,F0V
Delta Orionis 77,2044.25,2.63814,1.1423,7102.2,F2V
Zeta Lyrae 84,5.35,1.49447,1.1495,6811.9,F5V
Zeta Scorpii 52,2346.06,1.35887,1.0263,6127.4,F8V
Beta Virginis 37,2905.71,1.12365,0.9708,5969.5,G0V
Epsilon Lyrae 78,3852.38,0.96369,0.9283,5700.9,G2V
Gamma Scorpii 65,429.61,0.7181,0.8735,5689.4,G5V
Iota Aquilae 69,3253.37,0.71498,0.8555,5493.2,G8V
Kappa Leonis 99,976.27,0.48492,0.8276,5236.3,K0V
Kappa Orionis 62,468.78,0.26351,0.7434,5098.3,K2V
Delta Tauri 53,3821.97,0.20264,0.5812,4732.9,K5V
Delta Aquilae 12,1598.25,0.12739,0.541,4266.4,K8V
Gamma Leonis 41,1416.87,0.07577,0.4404,4086.8,M0V
Delta Leonis 95,802.03,0.03206,0.4309,3612.0,M2V
Delta Lyrae 80,1426.81,0.01279,0.262,3227.5,M3.5V
Theta Andromedae 1,3057.97,0.00371,0.1555,2992.9,M5V
Kappa Tauri 64,3592.91,0.00089,0.1375,2509.9,M8V
Gamma Virginis 36,1594.05,0.00017,0.0677,2210.3,M9V
Eta Leonis 70,134.31,360466.72125,18.604,47759.0,O5V
Theta Centauri 90,2074.84,65782.56327,8.0337,38044.6,O8V
Eta Andromedae 13,1304.58,34511.12385,6.0388,31291.4,B0V
Delta Aquilae 61,3834.28,5401.67522,3.9598,24543.7,B2V
Eta Tauri 47,3417.92,1343.14792,2.7698,16786.8,B5V
Kappa Lyrae 13,2884.43,582.45255,2.4664,15425.2,B8V
Delta Cygni 95,601.76,82.51015,1.7589,10749.0,A0V
Iota Virginis 93,1265.78,18.70564,1.5506,9386.8,A2V
Alpha Scorpii 13,2763.47,5.60036,1.6255,8438.3,A5V
Beta Leonis 96,1341.42,4.80481,1.3681,8159.1,A7V
Epsilon Tauri 3,1649.51,3.05327,1.2699,7442.2,F0V
Kappa Andromedae 84,2598.0,2.00945,1.167,7006.5,F2V
Iota Leonis 95,1790.04,1.44704,1.092,6685.5,F5V
Gamma Cygni 82,3231.68,1.26869,1.0168,6328.7,F8V
Beta Centauri 21,1377.26,1.02539,0.9757,6042.1,G0V
Kappa Scorpii 35,3551.24,1.04524,0.9657,5849.6,G2V
Iota Leonis 53,672.77,0.91355,0.86,5546.9,G5V
Epsilon Centauri 27,671.14,0.6206,0.8051,5475.7,G8V
Iota Orionis 4,3084.7,0.531,0.8496,5120.8,K0V
Kappa Cygni 11,2620.78,0.42709,0.7109,4874.2,K2V
Epsilon Leonis 81,509.32,0.20428,0.6005,4414.1,K5V
Zeta Tauri 61,1871.01,0.13838,0.6122,4264.6,K8V
Gamma Virginis 23,2365.04,0.05826,0.5123,4069.3,M0V
Eta Virginis 82,2559.63,0.01929,0.3521,3711.9,M2V
Beta Leonis 40,1465.8,0.0076,0.2804,3200.0,M3.5V
Gamma Tauri 37,1879.02,0.00104,0.2699,3178.8,M5V
Theta Aquilae 2,3064.46,0.00082,0.1397,2718.7,M8V
Iota Tauri 25,1649.41,0.00015,0.0837,2065.3,M9V
Eta Scorpii 29,1055.02,416679.53707,12.3956,47645.4,O5V
Kappa Aquilae 37,2595.3,76597.2133,9.0753,35128.0,O8V
Beta Cygni 18,1161.36,35475.70838,7.4709,29632.8,B0V
Kappa Leonis 25,1285.43,4065.04514,5.9243,22132.8,B2V
Beta Aquilae 35,503.83,1708.35826,2.5123,16541.2,B5V
Alpha Leonis 28,1370.42,286.94601,2.7594,15991.9,B8V
Theta Orionis 43,324.76,77.55126,1.7315,10166.3,A0V
Eta Centauri 70,1882.81,12.22823,1.9049,9353.8,A2V
Alpha Centauri 99,2859.93,8.84798,1.69,8323.6,A5V
Alpha Lyrae 59,2942.4,3.4698,1.3998,7725.1,A7V
Eta Aquilae 42,637.98,4.18471,1.2862,7419.8,F0V
Beta Aquilae 62,2555.6,2.03847,1.1831,7159.1,F2V
Delta Centauri 31,2533.18,1.59471,1.0251,6610.4,F5V
Beta Scorpii 32,39.88,1.121,1.0305,6290.1,F8V
Kappa Cygni 48,3084.15,0.99949,0.965,6037.2,G0V
Zeta Orionis 8,1424.78,0.88848,0.9375,5721.5,G2V
Theta Lyrae 41,3926.78,0.89714,0.9105,5661.1,G5V
Theta Lyrae 3,2758.31,0.67163,0.8108,5479.7,G8V
Theta Leonis 72,1181.82,0.57426,0.769,5137.3,K0V
Zeta Tauri 94,1875.81,0.42353,0.7399,5058.2,K2V
Gamma Centauri 68,623.65,0.16731,0.6116,4546.8,K5V
Alpha Virginis 49,2935.75,0.13946,0.5744,4209.2,K8V
Kappa Lyrae 42,2885.19,0.06633,0.4808,3946.9,M0V
Iota Leonis 99,2207.76,0.02839,0.3484,3742.3,M2V
Beta Centauri 67,2637.0,0.00544,0.3438,3262.5,M3.5V
Alpha Lyrae 14,1943.64,0.00149,0.2242,3134.5,M5V
Theta Virginis 80,2806.51,0.00033,0.1166,2642.4,M8V
Beta Orionis 27,2624.44,0.00019,0.1099,2187.2,M9V
Alpha Tauri 72,2974.99,767822.9575,18.2203,47942.5,O5V
Alpha Andromedae 35,2118.06,86715.01691,11.3378,34467.6,O8V
Delta Virginis 13,408.68,19240.72013,6.5413,29158.7,B0V
Delta Andromedae 81,3790.23,6908.96436,4.8954,26476.7,B2V
Kappa Tauri 87,1837.16,2230.05742,3.8242,17000.9,B5V
Gamma Virginis 52,2020.85,494.51913,2.4407,14399.7,B8V
Zeta Tauri 71,3965.89,39.21887,1.9345,11410.5,A0V
Eta Tauri 78,966.08,20.00378,1.625,9140.2,A2V
Epsilon Tauri 58,1792.32,8.97091,1.5905,8691.5,A5V
Kappa Orionis 67,543.98,7.45162,1.202,8190.6,A7V
Delta Tauri 3,3087.05,4.83004,1.3056,7567.6,F0V
Iota Virginis 74,3704.0,1.98566,1.0557,7006.7,F2V
Gamma Aquilae 47,3558.96,1.54991,1.0384,6620.1,F5V
Kappa Scorpii 73,3671.87,1.46713,1.0251,6417.2,F8V
Gamma Leonis 89,2812.64,1.22781,0.9367,6028.5,G0V
Alpha Andromedae 49,317.78,0.86398,0.954,5769.6,G2V
Eta Scorpii 16,3479.69,0.75668,0.9022,5620.5,G5V
Alpha Scorpii 7,1222.05,0.60824,0.8432,5329.9,G8V
Iota Lyrae 20,206.07,0.58289,0.7893,5189.1,K0V
Kappa Andromedae 65,364.15,0.33639,0.7586,4844.4,K2V
Zeta Centauri 61,2287.56,0.12789,0.6279,4434.0,K5V
Iota Scorpii 90,525.15,0.07214,0.5671,4246.4,K8V
Kappa Lyrae 72,2465.6,0.06943,0.4369,3867.9,M0V
Eta Tauri 88,3696.87,0.01269,0.4008,3677.1,M2V
Zeta Lyrae 42,1380.85,0.01155,0.327,3259.2,M3.5V
Zeta Andromedae 57,2494.31,0.0032,0.2701,2893.4,M5V
Zeta Cygni 97,2915.09,0.00018,0.154,2497.2,M8V
Kappa Cygni 37,59.08,0.00016,0.0667,2180.0,M9V
Alpha Tauri 27,2961.14,258906.48516,15.4642,47503.6,O5V
Iota Leonis 80,2920.83,57067.37105,10.795,34110.3,O8V
Kappa Virginis 6,1024.95,12404.40198,5.8028,32179.2,B0V
Epsilon Orionis 60,2620.48,3058.33923,4.4716,23627.9,B2V
Zeta Centauri 3,1172.95,2731.82532,3.0798,21878.8,B5V
Iota Centauri 41,1940.81,458.26385,1.9056,12795.5,B8V
Theta Virginis 92,90.06,32.26529,2.0765,10333.9,A0V
Eta Cygni 3,1389.86,15.74209,1.7751,8889.0,A2V
Iota Aquilae 8,2504.74,13.78677,1.6562,8607.4,A5V
Alpha Virginis 36,905.58,4.70893,1.3179,7682.4,A7V
Eta Virginis 87,2451.42,3.87657,1.1569,7296.1,F0V
Gamma Scorpii 40,3639.32,2.19514,1.1313,6962.0,F2V
Gamma Andromedae 70,2737.52,1.52139,1.0207,6775.4,F5V
Iota Cygni 56,3982.76,1.58789,0.9731,6473.2,F8V
Gamma Tauri 9,2231.22,1.27944,0.9383,5963.5,G0V
Gamma Orionis 98,1277.61,1.09322,0.9673,5760.7,G2V
Epsilon Cygni 25,430.84,0.74619,0.911,5622.4,G5V
Epsilon Andromedae 73,2451.08,0.71927,0.8185,5305.2,G8V
Beta Leonis 18,2011.39,0.55118,0.8212,5174.8,K0V
Eta Leonis 61,553.67,0.28865,0.6832,5029.4,K2V
Alpha Aquilae 53,893.48,0.22741,0.6043,4481.8,K5V
Gamma Leonis 79,1961.91,0.08924,0.5549,4174.0,K8V
Eta Orionis 78,2942.44,0.05521,0.4469,4002.9,M0V
Kappa Andromedae 69,2102.92,0.03627,0.418,3706.2,M2V
Theta Leonis 6,3511.63,0.00746,0.3038,3544.3,M3.5V
Alpha Virginis 50,2066.54,0.00415,0.1564,2916.5,M5V
Eta Aquilae 37,1847.65,0.00048,0.1413,2421.8,M8V
Iota Cygni 60,3320.29,0.00013,0.1034,2045.3,M9V
Kappa Virginis 18,1574.82,342595.69934,10.2491,44536.8,O5V
Delta Leonis 12,1003.48,84585.87142,11.6286,38778.9,O8V
Beta Centauri 15,2826.14,35362.89673,5.3412,32243.7,B0V
Iota Andromedae 21,1517.32,5664.24906,5.4207,27473.5,B2V
Kappa Cygni 21,3475.83,1111.39356,3.5681,18517.5,B5V
Epsilon Leonis 37,2507.38,170.53239,1.9579,12811.4,B8V
Kappa Aquilae 2,1836.84,86.987,2.0892,9514.4,A0V
Theta Lyrae 28,2357.18,18.46566,1.6461,8763.5,A2V
Kappa Orionis 32,3529.17,7.78113,1.5515,8610.1,A5V
Delta Orionis 24,596.6,6.26638,1.211,8112.3,A7V
Kappa Andromedae 39,1327.25,2.26311,1.1272,7597.5,F0V
Gamma Aquilae 79,2645.12,2.63982,1.1358,7068.7,F2V
Theta Andromedae 47,3726.21,1.45588,1.0449,6647.4,F5V
Eta Centauri 98,1711.7,1.37524,0.9864,6153.8,F8V
Epsilon Tauri 68,1657.49,0.98394,0.9446,5911.6,G0V
Kappa Virginis 12,1936.82,1.02216,0.9654,5897.3,G2V
Epsilon Scorpii 78,3391.83,0.76492,0.896,5624.6,G5V
Gamma Andromedae 73,1987.7,0.74584,0.8398,5461.6,G8V
Kappa Lyrae 91,1164.93,0.44839,0.7618,5193.0,K0V
Beta Lyrae 79,3995.95,0.33281,0.7134,4968.1,K2V
Delta Orionis 82,808.1,0.16506,0.6748,4523.1,K5V
Iota Virginis 42,3069.11,0.07025,0.54,4218.8,K8V
Kappa Andromedae 4,3328.88,0.04776,0.5251,4080.6,M0V
Theta Leonis 5,2584.1,0.02444,0.3941,3817.6,M2V
Iota Tauri 60,3136.86,0.00914,0.3243,3492.3,M3.5V
Epsilon Andromedae 93,2714.14,0.00378,0.1524,3031.0,M5V
Zeta Tauri 9,3878.58,0.00035,0.0831,2793.4,M8V
Iota Cygni 74,2424.41,0.0001,0.067,2312.9,M9V
Epsilon Tauri 91,130.58,410402.1759,14.9705,42376.4,O5V
Theta Aquilae 28,2102.4,58750.63729,9.4969,34224.4,O8V
Delta Centauri 57,2026.05,41961.01114,8.6198,28924.5,B0V
Zeta Leonis 94,3496.05,5172.51096,4.3183,26616.9,B2V
Beta Virginis 87,3970.91,1171.93035,2.5548,18325.5,B5V
Iota Centauri 1,1246.82,126.41798,2.8177,15487.5,B8V
Zeta Leonis 6,416.18,78.95622,2.271,9556.2,A0V
Epsilon Lyrae 42,805.58,14.30448,1.7194,9318.2,A2V
Beta Aquilae 20,633.52,6.1446,1.6833,8479.8,A5V
Beta Lyrae 70,1404.0,4.59242,1.2425,8022.6,A7V
Epsilon Andromedae 32,688.58,2.93413,1.3231,7416.2,F0V
Alpha Cygni 4,1885.17,2.6106,1.0659,6916.1,F2V
Eta Scorpii 23,2819.95,1.93477,1.0944,6776.0,F5V
Theta Andromedae 46,1252.65,1.50872,1.0242,6368.3,F8V
Iota Centauri 97,3058.7,1.12712,0.9365,6060.5,G0V
Theta Centauri 59,1244.46,1.0111,0.9537,5794.1,G2V
Delta Cygni 79,1035.33,0.79086,0.8647,5683.5,G5V
Zeta Tauri 59,1952.18,0.61307,0.809,5395.7,G8V
Gamma Aquilae 99,1397.2,0.54367,0.8008,5181.1,K0V
Beta Tauri 72,2599.28,0.40849,0.7333,4920.2,K2V
Eta Lyrae 80,977.94,0.14544,0.6379,4426.4,K5V
Delta Andromedae 56,3138.16,0.09918,0.5945,4263.4,K8V
Delta Cygni 85,2679.81,0.06957,0.5068,4059.2,M0V
Beta Andromedae 77,1853.89,0.02665,0.4233,3602.9,M2V
Eta Centauri 77,438.72,0.01314,0.3271,3332.6,M3.5V
Theta Orionis 12,873.73,0.00169,0.2255,3102.0,M5V
Alpha Cygni 85,600.44,0.00058,0.119,2631.2,M8V
Delta Lyrae 88,3510.22,0.00012,0.1077,2271.8,M9V
Eta Tauri 12,2332.66,558618.06713,15.1042,48476.4,O5V
Epsilon Orionis 48,3604.72,98394.97583,8.0034,37360.2,O8V
Zeta Centauri 37,3463.28,19409.64682,7.8089,30365.6,B0V
Zeta Scorpii 52,1528.86,6815.83152,5.1562,24849.2,B2V
Delta Virginis 50,3373.97,1528.66214,3.1259,17730.8,B5V
Gamma Cygni 2,290.88,109.42468,2.6656,13946.8,B8V
Eta Cygni 11,552.5,82.53475,2.3741,11734.0,A0V
Kappa Scorpii 80,722.63,19.20713,1.7312,9060.0,A2V
Zeta Lyrae 24,1701.5,5.0743,1.4993,8565.5,A5V
Iota Aquilae 53,3706.57,5.88176,1.21,7622.7,A7V
Theta Tauri 15,2322.84,4.88521,1.12,7492.1,F0V
Iota Aquilae 60,2069.83,2.42803,1.1415,6973.6,F2V
Beta Virginis 75,1252.89,1.43166,1.0515,6811.4,F5V
Theta Leonis 66,3624.61,1.38698,0.9898,6241.2,F8V
Epsilon Aquilae 22,145.36,1.26915,0.9825,6045.4,G0V
Kappa Aquilae 8,2518.76,0.99454,0.9401,5831.3,G2V
Epsilon Andromedae 4,1150.26,0.72063,0.8904,5670.3,G5V
Epsilon Aquilae 17,2464.8,0.65504,0.8206,5448.3,G8V
Kappa Cygni 76,2956.97,0.56479,0.787,5135.1,K0V
Delta Leonis 24,3198.33,0.4224,0.7143,4825.3,K2V
Gamma Andromedae 20,3351.14,0.24044,0.6296,4553.3,K5V
Theta Cygni 27,2312.8,0.13576,0.5065,4179.3,K8V
Beta Orionis 22,1858.31,0.05905,0.4714,4087.1,M0V
Iota Lyrae 49,2735.37,0.0217,0.3394,3709.1,M2V
Eta Orionis 37,3709.2,0.00949,0.3178,3536.6,M3.5V
Alpha Centauri 69,2551.22,0.00578,0.2061,3167.2,M5V
Epsilon Tauri 35,1071.43,0.00019,0.1454,2556.5,M8V
Delta Andromedae 99,783.08,0.00012,0.1014,2072.0,M9V
Iota Orionis 87,38.07,150963.96624,14.1125,45252.6,O5V
Theta Tauri 29,2902.16,62594.80536,8.1362,37716.4,O8V
Alpha Andromedae 85,3576.31,18672.9887,7.3975,28730.7,B0V
Beta Centauri 78,523.28,7594.7624,5.7497,25396.4,B2V
Gamma Centauri 90,740.48,1377.50782,3.4907,16454.3,B5V
Theta Aquilae 99,1710.34,642.0349,2.7239,13293.6,B8V
Gamma Centauri 36,3109.36,44.45191,1.8994,9650.1,A0V
Epsilon Cygni 57,281.5,29.54728,1.5204,9014.1,A2V
Theta Centauri 19,2164.46,9.31254,1.5456,8253.1,A5V
Theta Aquilae 14,143.5,3.35206,1.4183,8066.3,A7V
Alpha Leonis 20,2612.92,2.0026,1.1095,7356.2,F0V
Gamma Tauri 51,2300.35,2.41846,1.191,7047.2,F2V
Eta Scorpii 94,3124.67,1.87123,1.081,6501.3,F5V
Theta Centauri 73,2143.17,1.5958,0.99,6221.1,F8V
Alpha Centauri 47,2140.46,1.28437,0.9356,5991.9,G0V
Epsilon Lyrae 23,2219.77,1.09188,0.9463,5759.8,G2V
Eta Centauri 81,2756.68,0.82163,0.9208,5587.6,G5V
Delta Cygni 5,775.76,0.74395,0.8474,5397.8,G8V
Beta Virginis 83,1233.83,0.53349,0.8334,5189.9,K0V
Alpha Orionis 44,228.18,0.40756,0.6843,4835.5,K2V
Iota Leonis 87,3481.35,0.20585,0.6689,4493.2,K5V
Beta Orionis 95,569.97,0.11884,0.5565,4375.4,K8V
Alpha Lyrae 90,2596.62,0.04057,0.4949,4076.2,M0V
Beta Leonis 79,686.24,0.02773,0.4227,3581.9,M2V
Theta Andromedae 79,885.56,0.01304,0.2926,3484.0,M3.5V
Eta Tauri 16,3903.51,0.00388,0.1679,3134.6,M5V
Delta Orionis 76,697.26,0.00016,0.1074,2703.0,M8V
Gamma Tauri 71,663.53,0.00011,0.0949,2053.3,M9V
Kappa Scorpii 21,66.66,465225.60612,10.0635,41794.1,O5V
Beta Andromedae 37,1667.34,90370.59016,11.0903,38154.1,O8V
Delta Cygni 82,1086.86,28016.76524,5.957,29047.3,B0V
Alpha Andromedae 24,2869.98,7284.34872,3.7201,26958.9,B2V
Epsilon Tauri 54,22.46,1241.96972,2.6763,19181.2,B5V
Beta Andromedae 47,3451.5,692.06927,2.409,13856.9,B8V
Delta Aquilae 7,778.26,81.69517,2.2167,11921.4,A0V
Theta Leonis 23,642.57,28.29881,1.4324,8991.4,A2V
Delta Scorpii 33,1339.97,13.05154,1.6034,8221.7,A5V
Alpha Virginis 23,635.72,3.14533,1.3545,7642.5,A7V
Delta Leonis 76,2320.81,3.2572,1.2868,7559.3,F0V
Delta Centauri 42,914.37,2.08454,1.1119,6960.0,F2V
Delta Centauri 61,2342.11,1.4326,1.0654,6586.5,F5V
Kappa Leonis 23,1551.89,1.1682,1.0248,6352.8,F8V
Epsilon Lyrae 43,512.51,1.17688,0.9342,5927.3,G0V
Theta Leonis 54,688.29,0.93589,0.962,5820.7,G2V
Kappa Cygni 74,3880.67,0.91375,0.8569,5671.4,G5V
Theta Lyrae 76,1896.17,0.69255,0.8012,5385.6,G8V
Delta Lyrae 42,1739.37,0.4556,0.8427,5289.3,K0V
Kappa Orionis 54,3920.82,0.25801,0.7271,5030.6,K2V
Alpha Scorpii 68,1579.82,0.24955,0.6636,4439.2,K5V
Theta Lyrae 11,2235.8,0.06112,0.5878,4385.0,K8V
Gamma Tauri 38,959.45,0.07996,0.4024,4017.3,M0V
Gamma Leonis 74,2990.21,0.01073,0.3682,3781.6,M2V
Eta Cygni 48,2508.81,0.01204,0.2501,3419.6,M3.5V
Eta Tauri 68,134.92,0.00313,0.1851,3178.4,M5V
Iota Andromedae 27,3151.66,0.00017,0.1681,2694.3,M8V
Alpha Virginis 87,1458.63,9e-05,0.083,2186.1,M9V
Alpha Tauri 47,704.53,519092.84352,10.6701,47093.4,O5V
Delta Cygni 43,957.73,55677.88394,9.914,39634.9,O8V
Kappa Lyrae 97,2981.14,19017.48905,6.4108,29604.1,B0V
Eta Aquilae 7,257.41,5416.58607,4.7156,25160.1,B2V
Beta Leonis 91,2129.58,2598.37174,3.8492,18711.9,B5V
Zeta Centauri 25,3568.07,374.72447,1.8962,15591.8,B8V
Epsilon Centauri 14,662.57,20.08221,1.7332,9876.2,A0V
Delta Virginis 81,94.87,17.16381,1.8094,9445.4,A2V
Theta Tauri 54,1777.78,11.44684,1.4166,8231.5,A5V
Delta Virginis 83,1346.3,5.89352,1.3967,8072.1,A7V
Theta Andromedae 86,2788.73,4.52572,1.2113,7321.6,F0V
Gamma Aquilae 22,3157.96,2.07214,1.1058,6986.4,F2V
Alpha Cygni 46,1140.53,1.97373,1.0928,6564.3,F5V
Iota Aquilae 24,3892.94,1.51967,1.0224,6366.5,F8V
Gamma Cygni 31,471.38,1.29751,0.9702,5988.2,G0V
Zeta Cygni 27,2251.79,0.85867,0.9222,5768.8,G2V
Zeta Leonis 70,3901.97,0.83341,0.8597,5505.0,G5V
Theta Cygni 59,3711.55,0.63121,0.8776,5409.2,G8V
Iota Tauri 83,2823.04,0.51848,0.779,5288.8,K0V
Kappa Cygni 73,2915.32,0.43446,0.7139,4833.7,K2V
Theta Orionis 18,2713.39,0.1387,0.583,4647.0,K5V
Delta Leonis 46,373.74,0.06495,0.577,4275.0,K8V
Delta Aquilae 26,94.3,0.06154,0.4668,4017.9,M0V
Beta Virginis 51,781.18,0.01953,0.3908,3833.0,M2V
Zeta Scorpii 19,2865.05,0.00928,0.2886,3204.3,M3.5V
Zeta Tauri 40,3910.19,0.00537,0.1614,3091.1,M5V
Theta Scorpii 57,1157.52,0.00083,0.177,2569.5,M8V
Eta Cygni 76,2393.43,0.0001,0.0782,2395.4,M9V
Iota Tauri 9,3732.89,543009.16841,13.7577,40066.2,O5V
Epsilon Scorpii 23,2225.12,85512.35034,11.021,34821.6,O8V
Gamma Scorpii 38,2217.34,11689.31658,8.305,33007.5,B0V
Epsilon Leonis 72,2960.52,4571.64155,5.478,22924.1,B2V
Epsilon Leonis 16,2616.71,2753.17901,3.1257,18951.3,B5V
Delta Orionis 16,3059.86,395.83014,2.9648,14395.6,B8V
Zeta Andromedae 62,2264.12,88.15113,2.1652,10690.1,A0V
Beta Tauri 66,2932.95,8.38599,1.5557,9165.3,A2V
Gamma Tauri 60,3513.78,6.35497,1.3653,8336.3,A5V
Eta Tauri 7,1162.41,5.64806,1.4809,7908.3,A7V
Gamma Centauri 77,3011.55,3.63114,1.3181,7530.7,F0V
Epsilon Aquilae 88,2793.14,2.23503,1.1302,7005.5,F2V
Gamma Orionis 18,2074.71,1.62381,1.0727,6636.1,F5V
Gamma Centauri 28,621.77,1.21056,0.977,6458.8,F8V
Kappa Virginis 69,2851.4,1.18091,0.9862,5983.5,G0V
Beta Centauri 17,3693.96,0.96988,0.9218,5772.5,G2V
Theta Andromedae 67,3055.35,0.78551,0.9068,5505.8,G5V
Beta Lyrae 17,3427.86,0.62847,0.8181,5325.1,G8V
Gamma Centauri 55,2764.57,0.59601,0.7578,5254.9,K0V
Eta Orionis 26,435.02,0.40861,0.7313,4817.8,K2V
Beta Aquilae 6,268.91,0.22681,0.6705,4712.9,K5V
Kappa Lyrae 76,3605.11,0.07663,0.5422,4127.2,K8V
Epsilon Andromedae 45,1411.53,0.07421,0.5171,4003.2,M0V
Iota Andromedae 9,400.21,0.02734,0.3021,3615.1,M2V
Delta Aquilae 22,3607.05,0.01037,0.3474,3234.5,M3.5V
Delta Virginis 91,1901.07,0.00449,0.1741,3069.4,M5V
Beta Cygni 46,3925.28,0.00048,0.1314,2563.0,M8V
Zeta Centauri 60,445.0,0.0001,0.1057,2281.9,M9V
Iota Orionis 11,1315.28,186791.95522,12.8361,46003.9,O5V
Epsilon Leonis 29,2217.54,64529.46625,11.4215,35132.7,O8V
Beta Leonis 87,1472.42,10511.43378,7.6966,32032.6,B0V
Eta Leonis 67,2635.63,3595.04137,3.8584,24403.7,B2V
Kappa Centauri 95,3701.48,2949.06266,2.5971,21851.2,B5V
Zeta Lyrae 77,3376.77,342.57342,2.0794,13698.8,B8V
Theta Aquilae 98,2855.18,62.37268,1.8457,11473.7,A0V
Eta Tauri 61,2668.11,28.90305,1.9925,9109.1,A2V
Gamma Leonis 14,492.45,9.89341,1.3923,8671.2,A5V
Alpha Centauri 95,215.39,3.34114,1.4034,8183.2,A7V
Eta Andromedae 87,1310.65,2.90826,1.2558,7504.1,F0V
Iota Leonis 60,811.08,2.59451,1.1235,6978.5,F2V
Zeta Virginis 70,74.81,1.85838,1.1486,6852.1,F5V
Beta Scorpii 58,1261.12,1.28817,1.0014,6113.1,F8V
Iota Aquilae 91,660.09,1.07227,0.9519,5977.8,G0V
Beta Andromedae 87,1964.35,0.98845,0.9378,5794.0,G2V
Iota Cygni 65,226.91,0.76585,0.8973,5575.6,G5V
Zeta Aquilae 42,249.64,0.71809,0.8103,5373.3,G8V
Kappa Orionis 98,3565.83,0.48531,0.7597,5169.0,K0V
Zeta Scorpii 45,229.76,0.29885,0.7035,4893.6,K2V
